Professional Supervisory Unit (English),Professional Supervisory Unit (Chinese),Number of Foreign NGOs Sponsored,Sponsored Foreign NGOs’ Field(s) of Work,Sponsored Foreign NGOs’ Registration Location(s),Sponsored Foreign NGOs’ Permitted Area(s) of Operation
Anhui Administration of Market Regulation (formerly Anhui Administration of Quality and Technical Supervision),安徽省质量技术监督局,1,"0, 0, 0, 0, 0, 0, 0, 0, 0, 0, 0, 0, 0, 0, 0, 0, 0, 0, 0, 0, 0, 0, 0, 0, 0, 0, 0, 0, Trade, 0, 0",Anhui,"All of China, 0, 0, 0, 0, 0, 0, 0, 0, 0, 0, 0, 0, 0, 0, 0, 0, 0, 0, 0, 0, 0, 0, 0, 0, 0, 0, 0, 0, 0, 0, 0, 0, 0"
Anhui Health Commission (formerly Anhui Health and Family Planning Commission),安徽省卫生健康委员会,1,"0, 0, 0, 0, 0, Disabilities, 0, 0, Education, 0, 0, 0, 0, Health, 0, 0, International Relations/Exchange, Labor, 0, 0, 0, 0, Poverty Alleviation, 0, 0, 0, 0, 0, 0, 0, Youth",Anhui,"All of China, 0, 0, 0, 0, 0, 0, 0, 0, 0, 0, 0, 0, 0, 0, 0, 0, 0, 0, 0, 0, 0, 0, 0, 0, 0, 0, 0, 0, 0, 0, 0, 0, 0"
Beijing Bureau of Agriculture and Rural Affairs (formerly Beijing Bureau of Agriculture),北京市农业农村局,3,"0, Agriculture, 0, 0, 0, 0, 0, Economic Development, 0, 0, Environment, 0, 0, 0, 0, 0, International Relations/Exchange, 0, Law and Governance, 0, 0, 0, 0, 0, Rural Issues/Development, 0, Technology, 0, Trade, 0, 0",Beijing,"All of China, 0, Beijing, 0, 0, Gansu, Guangdong, 0, Guizhou, 0, Hebei, 0, 0, 0, 0, 0, 0, 0, 0, Liaoning, 0, 0, Shaanxi, Shandong, Shanghai, 0, Sichuan, 0, 0, 0, 0, Yunnan, 0, 0"
Beijing Bureau of Ecology and Environment (formerly Beijing Bureau of Environmental Protection),北京市生态环境局,1,"0, 0, 0, 0, 0, 0, 0, Economic Development, 0, Energy, Environment, 0, 0, 0, 0, 0, International Relations/Exchange, 0, 0, 0, 0, 0, 0, 0, 0, 0, Technology, 0, 0, Urban Issues/Development, 0",Beijing,"All of China, 0, 0, 0, 0, 0, 0, 0, 0, 0, 0, 0, 0, 0, 0, 0, 0, 0, 0, 0, 0, 0, 0, 0, 0, 0, 0, 0, 0, 0, 0, 0, 0, 0"
Beijing Bureau of Economy and Information Technology (formerly Beijing Commission of Economy and Informatization),北京市经济和信息化局,6,"0, 0, 0, 0, 0, 0, 0, Economic Development, 0, 0, Environment, 0, 0, 0, 0, 0, International Relations/Exchange, 0, Law and Governance, 0, Media, 0, 0, 0, 0, 0, Technology, 0, Trade, 0, 0",Beijing,"All of China, 0, Beijing, Chongqing, 0, 0, 0, 0, 0, 0, Hebei, Heilongjiang, 0, 0, 0, 0, 0, 0, Jilin, Liaoning, 0, 0, 0, Shandong, 0, Shanxi, Sichuan, Tianjin, 0, 0, 0, 0, 0, 0"
Beijing Bureau of Sport,北京市体育局,2,"0, 0, 0, 0, 0, 0, 0, 0, Education, 0, 0, Ethnic Affairs, 0, 0, 0, 0, International Relations/Exchange, 0, 0, 0, 0, 0, 0, 0, 0, Sport, 0, 0, 0, Urban Issues/Development, 0",Beijing,"All of China, 0, Beijing, Chongqing, Fujian, 0, Guangdong, Guangxi, 0, 0, Hebei, Heilongjiang, 0, Hubei, Hunan, 0, Jiangsu, 0, Jilin, Liaoning, 0, 0, Shaanxi, Shandong, Shanghai, Shanxi, Sichuan, Tianjin, 0, 0, 0, 0, Zhejiang, 0"
Beijing Commission of Commerce,北京市商务委员会,40,"0, 0, 0, Arts and Culture, 0, 0, 0, Economic Development, 0, Energy, Environment, 0, 0, 0, 0, 0, International Relations/Exchange, 0, Law and Governance, 0, 0, 0, 0, 0, 0, 0, Technology, 0, Trade, 0, 0",Beijing,"All of China, Anhui, Beijing, Chongqing, Fujian, Gansu, Guangdong, Guangxi, Guizhou, Hainan, Hebei, Heilongjiang, Henan, Hubei, Hunan, Inner Mongolia, Jiangsu, Jiangxi, Jilin, Liaoning, Ningxia, Qinghai, Shaanxi, Shandong, Shanghai, Shanxi, Sichuan, Tianjin, Tibet, Xinjiang, 0, Yunnan, Zhejiang, 0"
Beijing Commission of Education,北京市教育委员会,1,"0, 0, 0, Arts and Culture, Civil Society Capacity-Building, 0, 0, 0, 0, 0, 0, 0, 0, 0, 0, 0, International Relations/Exchange, 0, 0, 0, 0, 0, 0, 0, 0, 0, 0, 0, 0, 0, Youth",Beijing,"All of China, 0, 0, 0, 0, 0, 0, 0, 0, 0, 0, 0, 0, 0, 0, 0, 0, 0, 0, 0, 0, 0, 0, 0, 0, 0, 0, 0, 0, 0, 0, 0, 0, 0"
Beijing Commission of Science and Technology,北京市科学技术委员会,6,"0, 0, 0, 0, 0, 0, 0, Economic Development, Education, 0, Environment, 0, 0, 0, 0, 0, International Relations/Exchange, Labor, 0, 0, 0, 0, 0, 0, Rural Issues/Development, 0, Technology, 0, Trade, 0, 0",Beijing,"All of China, 0, Beijing, 0, 0, Gansu, Guangdong, 0, 0, 0, 0, 0, 0, 0, 0, 0, 0, 0, 0, 0, 0, Qinghai, 0, 0, 0, 0, Sichuan, Tianjin, 0, 0, 0, Yunnan, Zhejiang, 0"
Beijing Commission of Transport,北京市交通委员会,2,"0, 0, 0, 0, 0, 0, 0, 0, 0, 0, Environment, 0, 0, 0, 0, Infrastructure, 0, 0, 0, 0, 0, 0, 0, 0, 0, 0, 0, 0, Trade, Urban Issues/Development, 0",Beijing,"0, 0, Beijing, Chongqing, 0, Gansu, Guangdong, Guangxi, Guizhou, 0, 0, Heilongjiang, 0, Hubei, Hunan, Inner Mongolia, Jiangsu, Jiangxi, 0, Liaoning, 0, 0, Shaanxi, Shandong, Shanghai, 0, Sichuan, Tianjin, 0, Xinjiang, 0, Yunnan, Zhejiang, 0"
Beijing Development and Reform Commission,北京市发展和改革委员会,3,"0, 0, 0, 0, 0, 0, 0, Economic Development, 0, Energy, Environment, 0, 0, 0, 0, 0, International Relations/Exchange, 0, 0, 0, 0, 0, 0, 0, 0, 0, 0, 0, Trade, Urban Issues/Development, 0",Beijing,"All of China, Anhui, Beijing, Chongqing, Fujian, Gansu, Guangdong, Guangxi, Guizhou, Hainan, Hebei, Heilongjiang, Henan, Hubei, Hunan, Inner Mongolia, Jiangsu, Jiangxi, Jilin, Liaoning, Ningxia, Qinghai, Shaanxi, Shandong, Shanghai, Shanxi, Sichuan, Tianjin, Tibet, Xinjiang, 0, Yunnan, Zhejiang, 0"
Beijing Gardening and Greening Bureau,北京市园林绿化局,1,"0, Agriculture, Animal Protection, 0, 0, 0, Disaster Relief, 0, 0, 0, Environment, 0, 0, 0, 0, 0, 0, 0, 0, 0, 0, 0, 0, 0, 0, 0, 0, 0, 0, 0, 0",Beijing,"All of China, 0, 0, 0, 0, 0, 0, 0, 0, 0, 0, 0, 0, 0, 0, 0, 0, 0, 0, 0, 0, 0, 0, 0, 0, 0, 0, 0, 0, 0, 0, 0, 0, 0"
Beijing Health Commission (formerly Beijing Health and Family Planning Commission),北京市卫生健康委员会,3,"0, 0, 0, 0, 0, 0, 0, 0, Education, 0, 0, 0, Gender Issues, Health, 0, 0, 0, 0, Law and Governance, 0, 0, 0, 0, 0, 0, 0, 0, 0, 0, 0, Youth",Beijing,"All of China, 0, Beijing, 0, 0, 0, 0, 0, 0, 0, 0, 0, 0, 0, 0, 0, 0, 0, 0, 0, 0, 0, 0, 0, 0, 0, 0, 0, 0, 0, 0, 0, 0, 0"
Beijing Intellectual Property Office,北京市知识产权局,1,"0, 0, 0, 0, 0, 0, 0, 0, 0, 0, 0, 0, 0, 0, 0, 0, 0, 0, 0, 0, 0, 0, 0, 0, 0, 0, 0, 0, Trade, 0, 0",Beijing,"0, 0, Beijing, 0, 0, 0, 0, 0, 0, 0, 0, 0, 0, 0, 0, 0, 0, 0, 0, 0, 0, 0, 0, 0, 0, 0, 0, 0, 0, 0, 0, 0, 0, 0"
China Banking and Insurance Regulatory Commission,中国银行保险监督管理委员会,1,"0, 0, 0, 0, Civil Society Capacity-Building, 0, 0, Economic Development, 0, 0, 0, 0, 0, 0, 0, 0, 0, 0, 0, 0, 0, 0, 0, 0, 0, 0, 0, 0, 0, 0, 0",Beijing,"All of China, 0, 0, 0, 0, 0, 0, 0, 0, 0, 0, 0, 0, 0, 0, 0, 0, 0, 0, 0, 0, 0, 0, 0, 0, 0, 0, 0, 0, 0, 0, 0, 0, 0"
China Disabled Person’s Federation,中国残疾人联合会,3,"0, 0, 0, 0, 0, Disabilities, Disaster Relief, 0, 0, 0, 0, 0, 0, Health, 0, 0, International Relations/Exchange, Labor, Law and Governance, 0, 0, 0, Poverty Alleviation, 0, 0, Sport, 0, 0, 0, 0, Youth",Beijing,"All of China, 0, Beijing, 0, 0, 0, 0, 0, 0, 0, 0, 0, 0, 0, 0, 0, 0, 0, 0, 0, 0, 0, Shaanxi, 0, 0, 0, 0, 0, 0, 0, 0, Yunnan, 0, 0"
Chinese Association for International Understanding,中国国际交流协会,1,"0, 0, 0, 0, 0, 0, 0, 0, 0, 0, Environment, 0, 0, 0, 0, 0, International Relations/Exchange, Labor, Law and Governance, 0, 0, 0, 0, 0, 0, 0, 0, 0, 0, 0, 0",Beijing,"0, 0, Beijing, Chongqing, 0, Gansu, 0, 0, Guizhou, 0, Hebei, Heilongjiang, Henan, 0, 0, Inner Mongolia, 0, 0, Jilin, Liaoning, Ningxia, Qinghai, Shaanxi, Shandong, 0, Shanxi, Sichuan, Tianjin, Tibet, Xinjiang, Xinjiang Bingtuan, Yunnan, 0, 0"
Chinese People’s Association for Friendship with Foreign Countries,中国人民对外友好协会,14,"0, Agriculture, 0, Arts and Culture, Civil Society Capacity-Building, 0, Disaster Relief, Economic Development, Education, 0, Environment, 0, Gender Issues, Health, 0, 0, International Relations/Exchange, 0, Law and Governance, 0, 0, 0, Poverty Alleviation, 0, 0, 0, Technology, 0, Trade, 0, Youth",Beijing,"All of China, Anhui, Beijing, Chongqing, Fujian, Gansu, 0, Guangxi, Guizhou, Hainan, Hebei, Heilongjiang, Henan, Hubei, 0, Inner Mongolia, Jiangsu, Jiangxi, Jilin, Liaoning, Ningxia, Qinghai, Shaanxi, Shandong, Shanghai, Shanxi, Sichuan, Tianjin, Tibet, Xinjiang, 0, 0, Zhejiang, 0"
Chongqing Bureau of Civil Affairs,重庆市民政局,2,"0, 0, 0, Arts and Culture, Civil Society Capacity-Building, Disabilities, 0, 0, Education, 0, 0, 0, 0, Health, 0, 0, 0, 0, 0, 0, 0, 0, 0, 0, 0, 0, 0, 0, 0, 0, Youth",Chongqing,"0, 0, 0, Chongqing, 0, 0, 0, 0, 0, 0, 0, 0, 0, 0, 0, 0, 0, 0, 0, 0, 0, 0, 0, 0, 0, 0, 0, 0, 0, 0, 0, Yunnan, 0, 0"
Chongqing Commission of Agriculture and Rural Affairs (formerly Chongqing Agriculture Commission),重庆市农业农村委员会,1,"0, 0, 0, 0, 0, 0, 0, Economic Development, 0, 0, Environment, 0, 0, 0, 0, 0, 0, 0, 0, 0, 0, 0, 0, 0, Rural Issues/Development, 0, 0, 0, 0, 0, 0",Chongqing,"0, 0, 0, Chongqing, 0, 0, 0, 0, 0, 0, 0, 0, 0, 0, 0, 0, 0, 0, 0, 0, 0, 0, Shaanxi, 0, 0, 0, Sichuan, 0, 0, 0, 0, Yunnan, 0, 0"
Chongqing Commission of Commerce,重庆市商务委,3,"0, 0, 0, Arts and Culture, 0, 0, 0, Economic Development, 0, 0, 0, 0, 0, 0, 0, 0, International Relations/Exchange, 0, 0, 0, 0, 0, 0, 0, 0, 0, 0, 0, Trade, 0, 0",Chongqing,"All of China, 0, 0, Chongqing, 0, 0, 0, 0, 0, 0, 0, 0, 0, 0, 0, 0, 0, 0, 0, 0, 0, 0, 0, 0, 0, 0, 0, 0, 0, 0, 0, 0, 0, 0"
Chongqing Commission of Economy and Informatization,重庆市经济和信息化委员会,1,"0, 0, 0, Arts and Culture, 0, 0, 0, 0, 0, 0, 0, 0, 0, 0, 0, 0, 0, 0, 0, 0, 0, 0, 0, 0, 0, 0, 0, 0, Trade, 0, 0",Chongqing,"All of China, 0, 0, 0, 0, 0, 0, 0, 0, 0, 0, 0, 0, 0, 0, 0, 0, 0, 0, 0, 0, 0, 0, 0, 0, 0, 0, 0, 0, 0, 0, 0, 0, 0"
Chongqing Culture and Tourism Development Commission (formerly Chongqing Tourism Development Commission),重庆市文化和旅游发展委员会,3,"0, 0, 0, Arts and Culture, 0, 0, 0, 0, Education, 0, 0, 0, 0, Health, 0, 0, International Relations/Exchange, 0, 0, 0, Media, 0, 0, 0, 0, Sport, 0, Tourism, Trade, 0, 0",Chongqing,"All of China, 0, 0, 0, 0, 0, 0, 0, 0, 0, 0, 0, 0, 0, 0, 0, 0, 0, 0, 0, 0, 0, 0, 0, 0, 0, 0, 0, 0, 0, 0, 0, 0, 0"
Chongqing Department of Ecology and Environment (formerly Chongqing Department of Environmental Protection ),重庆市生态环境局,1,"0, 0, 0, 0, Civil Society Capacity-Building, 0, 0, 0, 0, 0, Environment, 0, 0, 0, 0, 0, 0, 0, 0, 0, 0, 0, 0, 0, 0, 0, 0, 0, 0, 0, 0",Chongqing,"0, Anhui, 0, Chongqing, 0, Gansu, 0, 0, 0, 0, 0, 0, 0, Hubei, Hunan, 0, Jiangsu, 0, 0, 0, 0, Qinghai, 0, 0, 0, 0, 0, 0, 0, 0, 0, 0, 0, 0"
Chongqing Health Commission (formerly Chongqing Health and Family Planning Commission),重庆市卫生健康委员会,1,"0, 0, 0, 0, 0, 0, 0, 0, 0, 0, 0, 0, 0, Health, 0, 0, 0, 0, 0, 0, 0, 0, 0, 0, 0, 0, Technology, 0, 0, 0, 0",Chongqing,"0, 0, 0, Chongqing, 0, 0, 0, 0, Guizhou, 0, 0, 0, 0, 0, 0, 0, 0, 0, 0, 0, 0, 0, 0, 0, 0, 0, Sichuan, 0, Tibet, 0, 0, Yunnan, 0, 0"
Chongqing Office of Hong Kong and Macau Affairs,重庆市人民政府港澳事务办公室,1,"0, 0, 0, Arts and Culture, 0, 0, Disaster Relief, Economic Development, Education, 0, 0, 0, 0, Health, 0, 0, 0, 0, Law and Governance, 0, 0, 0, 0, 0, 0, 0, 0, 0, 0, 0, 0",Chongqing,"All of China, 0, 0, 0, 0, 0, 0, 0, 0, 0, 0, 0, 0, 0, 0, 0, 0, 0, 0, 0, 0, 0, 0, 0, 0, 0, 0, 0, 0, 0, 0, 0, 0, 0"
Chongqing Office of Poverty Alleviation and Development,重庆市扶贫开发办公室,1,"0, 0, 0, 0, Civil Society Capacity-Building, 0, Disaster Relief, 0, Education, 0, Environment, 0, Gender Issues, Health, 0, 0, 0, 0, 0, 0, 0, 0, 0, 0, Rural Issues/Development, 0, Technology, 0, 0, 0, Youth",Chongqing,"0, 0, 0, Chongqing, 0, 0, 0, 0, 0, 0, 0, 0, 0, 0, 0, 0, 0, 0, 0, 0, 0, 0, 0, 0, 0, 0, 0, 0, 0, 0, 0, 0, 0, 0"
Chongqing Office of Taiwan Affairs,重庆市人民政府台湾事务办公室        ,1,"0, 0, 0, 0, 0, 0, Disaster Relief, 0, 0, 0, 0, 0, 0, 0, 0, 0, 0, 0, 0, 0, 0, 0, Poverty Alleviation, 0, 0, 0, 0, 0, 0, 0, 0",Chongqing,"0, 0, 0, Chongqing, 0, 0, 0, 0, Guizhou, 0, 0, 0, 0, 0, 0, 0, 0, 0, 0, 0, 0, 0, 0, 0, 0, 0, Sichuan, 0, 0, 0, 0, Yunnan, 0, 0"
Civil Aviation Administration of China,中国民航局,1,"0, 0, 0, 0, 0, 0, 0, 0, 0, 0, 0, 0, 0, 0, 0, 0, 0, 0, 0, 0, 0, 0, 0, 0, 0, 0, 0, 0, Trade, 0, 0",Beijing,"All of China, 0, 0, 0, 0, 0, 0, 0, 0, 0, 0, 0, 0, 0, 0, 0, 0, 0, 0, 0, 0, 0, 0, 0, 0, 0, 0, 0, 0, 0, 0, 0, 0, 0"
"Fujian Administration of Radio and Television (formerly Fujian Administration of Press, Publication, Radio, Film, and Television)",福建省广播电视局,1,"0, 0, 0, 0, 0, 0, 0, 0, Education, 0, 0, 0, 0, 0, 0, 0, International Relations/Exchange, 0, Law and Governance, 0, Media, 0, 0, 0, 0, 0, 0, Tourism, 0, 0, 0",Fujian,"All of China, 0, 0, 0, 0, 0, 0, 0, 0, 0, 0, 0, 0, 0, 0, 0, 0, 0, 0, 0, 0, 0, 0, 0, 0, 0, 0, 0, 0, 0, 0, 0, 0, 0"
Fujian Department of Agriculture and Rural Affairs (formerly Fujian Department of Agriculture),福建省农业农村厅,1,"0, 0, 0, Arts and Culture, 0, 0, 0, 0, 0, 0, 0, 0, 0, 0, 0, 0, International Relations/Exchange, 0, 0, 0, 0, 0, 0, 0, 0, 0, 0, 0, 0, 0, 0",Fujian,"0, 0, 0, 0, Fujian, 0, 0, 0, 0, 0, 0, 0, 0, 0, 0, 0, 0, 0, 0, 0, 0, 0, 0, 0, 0, 0, 0, 0, 0, 0, 0, 0, 0, 0"
Fujian Department of Civil Affairs,福建省民政厅,2,"0, 0, 0, 0, Civil Society Capacity-Building, 0, 0, 0, 0, 0, 0, 0, 0, 0, 0, 0, 0, 0, 0, 0, 0, 0, 0, 0, 0, 0, 0, 0, 0, 0, Youth",Fujian,"0, 0, 0, 0, Fujian, 0, 0, 0, 0, 0, 0, 0, 0, 0, 0, 0, 0, 0, 0, 0, 0, 0, 0, 0, 0, 0, 0, 0, 0, 0, 0, 0, 0, 0"
Fujian Department of Commerce,福建省商务厅,5,"0, Agriculture, 0, Arts and Culture, 0, 0, 0, Economic Development, Education, 0, 0, 0, 0, 0, 0, 0, International Relations/Exchange, 0, 0, 0, 0, 0, 0, Religion, 0, 0, Technology, Tourism, Trade, 0, 0",Fujian,"All of China, 0, 0, 0, Fujian, 0, 0, 0, 0, 0, 0, 0, 0, 0, 0, 0, 0, 0, 0, 0, 0, 0, 0, 0, 0, 0, 0, 0, 0, 0, 0, 0, 0, 0"
Fujian Department of Culture and Tourism (formerly Fujian Department of Culture),福建省文化和旅游厅,2,"0, 0, 0, Arts and Culture, Civil Society Capacity-Building, 0, 0, Economic Development, 0, 0, Environment, 0, 0, 0, 0, 0, International Relations/Exchange, 0, 0, 0, 0, 0, 0, 0, 0, 0, 0, 0, Trade, 0, 0",Fujian,"0, 0, 0, 0, Fujian, 0, 0, 0, 0, 0, 0, 0, 0, 0, 0, 0, 0, 0, 0, 0, 0, 0, 0, 0, 0, 0, 0, 0, 0, 0, 0, 0, 0, 0"
Fujian Department of Education,福建省教育厅,2,"0, 0, 0, 0, 0, 0, 0, 0, Education, 0, 0, 0, 0, 0, 0, 0, International Relations/Exchange, 0, 0, 0, 0, 0, 0, 0, 0, 0, 0, 0, 0, 0, Youth",Fujian,"All of China, 0, 0, 0, 0, 0, 0, 0, 0, 0, 0, 0, 0, 0, 0, 0, 0, 0, 0, 0, 0, 0, 0, 0, 0, 0, 0, 0, 0, 0, 0, 0, 0, 0"
Fujian Federation of Trade Unions,福建省总工会,1,"Aging, 0, 0, 0, 0, 0, 0, 0, 0, 0, 0, 0, 0, Health, 0, 0, International Relations/Exchange, Labor, Law and Governance, 0, 0, 0, 0, 0, 0, 0, 0, 0, 0, 0, 0",Fujian,"0, 0, 0, 0, Fujian, 0, 0, 0, 0, 0, 0, 0, 0, 0, 0, 0, 0, 0, 0, 0, 0, 0, 0, 0, 0, 0, 0, 0, 0, 0, 0, 0, 0, 0"
Fujian People’s Government Office of Foreign Affairs,福建省人民政府外事办公室,1,"0, 0, 0, Arts and Culture, 0, 0, 0, 0, 0, 0, 0, 0, 0, 0, 0, 0, International Relations/Exchange, 0, 0, 0, 0, 0, 0, 0, 0, 0, 0, 0, Trade, 0, 0",Fujian,"0, 0, 0, 0, Fujian, 0, 0, 0, 0, 0, 0, 0, 0, 0, 0, 0, 0, 0, 0, 0, 0, 0, 0, 0, 0, 0, 0, 0, 0, 0, 0, 0, 0, 0"
Gansu Department of Education,甘肃省教育厅,4,"0, 0, 0, 0, 0, 0, Disaster Relief, 0, Education, 0, 0, 0, 0, 0, 0, 0, 0, 0, 0, 0, 0, 0, Poverty Alleviation, 0, 0, 0, 0, 0, 0, 0, Youth",Gansu,"0, 0, 0, 0, 0, Gansu, 0, 0, 0, 0, 0, 0, 0, Hubei, 0, Inner Mongolia, 0, 0, 0, 0, 0, Qinghai, 0, 0, 0, 0, 0, 0, 0, Xinjiang, 0, 0, 0, 0"
Gansu Health Commission (formerly Gansu Health and Family Planning Commission),甘肃省卫生健康委员会,1,"0, 0, 0, 0, 0, 0, Disaster Relief, 0, 0, 0, 0, 0, 0, Health, 0, 0, 0, 0, 0, 0, 0, 0, Poverty Alleviation, 0, 0, 0, 0, 0, 0, 0, 0",Gansu,"All of China, 0, 0, 0, 0, 0, 0, 0, 0, 0, 0, 0, 0, 0, 0, 0, 0, 0, 0, 0, 0, 0, 0, 0, 0, 0, 0, 0, 0, 0, 0, 0, 0, 0"
General Administration of Customs,中华人民共和国海关总署,1,"0, 0, 0, 0, 0, 0, 0, 0, 0, 0, 0, 0, 0, 0, 0, 0, 0, 0, 0, 0, 0, 0, 0, 0, 0, 0, 0, 0, Trade, 0, 0",Beijing,"All of China, 0, 0, 0, 0, 0, 0, 0, 0, 0, 0, 0, 0, 0, 0, 0, 0, 0, 0, 0, 0, 0, 0, 0, 0, 0, 0, 0, 0, 0, 0, 0, 0, 0"
General Administration of Sport,国家体育总局,1,"0, 0, 0, 0, 0, 0, 0, Economic Development, 0, 0, 0, 0, 0, 0, 0, 0, International Relations/Exchange, 0, 0, 0, 0, 0, 0, 0, 0, Sport, 0, 0, 0, 0, 0",Beijing,"All of China, 0, 0, 0, 0, 0, 0, 0, 0, 0, 0, 0, 0, 0, 0, 0, 0, 0, 0, 0, 0, 0, 0, 0, 0, 0, 0, 0, 0, 0, 0, 0, 0, 0"
Guangdong Department of Civil Affairs,广东省民政厅,5,"Aging, 0, 0, Arts and Culture, Civil Society Capacity-Building, 0, Disaster Relief, 0, Education, 0, 0, 0, Gender Issues, 0, 0, 0, International Relations/Exchange, 0, 0, 0, 0, Migrants, Poverty Alleviation, 0, 0, 0, 0, 0, 0, 0, Youth",Guangdong,"0, 0, Beijing, 0, 0, 0, Guangdong, 0, 0, 0, 0, 0, 0, 0, 0, 0, Jiangsu, 0, 0, 0, 0, 0, 0, 0, 0, 0, 0, 0, 0, 0, 0, 0, 0, 0"
Guangdong Department of Commerce,广东省商务厅,12,"Aging, 0, 0, Arts and Culture, 0, Disabilities, 0, Economic Development, 0, 0, Environment, 0, Gender Issues, 0, 0, 0, International Relations/Exchange, 0, 0, 0, 0, 0, 0, 0, 0, 0, 0, 0, Trade, 0, Youth",Guangdong,"All of China, 0, Beijing, Chongqing, Fujian, 0, Guangdong, Guangxi, Guizhou, Hainan, Hebei, 0, Henan, Hubei, Hunan, 0, Jiangsu, Jiangxi, 0, Liaoning, 0, 0, 0, 0, Shanghai, 0, Sichuan, Tianjin, 0, 0, 0, Yunnan, Zhejiang, 0"
Guangdong Department of Education,广东省教育厅,8,"Aging, 0, 0, Arts and Culture, Civil Society Capacity-Building, 0, 0, 0, Education, 0, 0, 0, 0, Health, 0, Infrastructure, International Relations/Exchange, 0, 0, 0, 0, 0, Poverty Alleviation, 0, Rural Issues/Development, Sport, 0, 0, 0, 0, Youth",Guangdong,"0, Anhui, Beijing, Chongqing, Fujian, Gansu, Guangdong, Guangxi, Guizhou, Hainan, Hebei, Heilongjiang, Henan, 0, Hunan, Inner Mongolia, Jiangsu, 0, Jilin, 0, Ningxia, Qinghai, Shaanxi, Shandong, 0, Shanxi, Sichuan, Tianjin, 0, Xinjiang, 0, Yunnan, Zhejiang, 0"
Guangdong Federation of Trade Unions,广东省总工会,1,"0, 0, 0, 0, 0, 0, 0, 0, 0, 0, 0, 0, 0, 0, 0, 0, International Relations/Exchange, 0, 0, 0, 0, 0, 0, 0, 0, 0, 0, 0, 0, 0, 0",Guangdong,"0, 0, 0, 0, 0, 0, Guangdong, 0, 0, 0, 0, 0, 0, 0, 0, 0, 0, 0, 0, 0, 0, 0, 0, 0, 0, 0, 0, 0, 0, 0, 0, 0, 0, 0"
Guangdong Health Commission (formerly Guangdong Health and Family Planning Commission),广州市卫生健康委员会,1,"0, 0, 0, 0, 0, 0, 0, 0, 0, 0, 0, 0, 0, Health, 0, 0, International Relations/Exchange, 0, 0, 0, 0, 0, 0, 0, Rural Issues/Development, 0, 0, 0, 0, 0, Youth",Guangdong,"0, Anhui, Beijing, Chongqing, Fujian, Gansu, Guangdong, 0, Guizhou, 0, Hebei, Heilongjiang, Henan, Hubei, Hunan, Inner Mongolia, Jiangsu, Jiangxi, 0, 0, Ningxia, Qinghai, Shaanxi, Shandong, 0, 0, Sichuan, Tianjin, 0, Xinjiang, 0, Yunnan, Zhejiang, 0"
Guangdong Office of Overseas Chinese Affairs,广东省人民政府侨务办公室,1,"Aging, 0, 0, Arts and Culture, Civil Society Capacity-Building, 0, 0, 0, Education, 0, 0, 0, 0, 0, 0, 0, International Relations/Exchange, 0, 0, 0, 0, 0, Poverty Alleviation, 0, 0, 0, 0, 0, 0, 0, 0",Guangdong,"All of China, 0, 0, 0, 0, 0, 0, 0, 0, 0, 0, 0, 0, 0, 0, 0, 0, 0, 0, 0, 0, 0, 0, 0, 0, 0, 0, 0, 0, 0, 0, 0, 0, 0"
Guangdong Youth Federation,广东省青年联合会,1,"0, 0, 0, 0, Civil Society Capacity-Building, 0, 0, 0, 0, 0, 0, 0, 0, 0, 0, 0, International Relations/Exchange, 0, 0, 0, 0, 0, 0, 0, 0, 0, 0, 0, 0, 0, Youth",Guangdong,"0, 0, 0, 0, 0, 0, Guangdong, 0, 0, 0, 0, 0, 0, 0, 0, 0, 0, 0, 0, 0, 0, 0, 0, 0, 0, 0, 0, 0, 0, 0, 0, 0, 0, 0"
Guangxi Department of Civil Affairs,广西壮族自治区民政厅,2,"0, 0, 0, 0, 0, 0, Disaster Relief, 0, 0, 0, 0, 0, 0, 0, 0, 0, 0, 0, 0, 0, 0, Migrants, Poverty Alleviation, 0, 0, 0, 0, 0, 0, 0, Youth",Guangxi,"0, 0, 0, 0, 0, 0, 0, Guangxi, 0, 0, 0, 0, 0, 0, 0, 0, 0, 0, 0, 0, 0, 0, 0, 0, 0, 0, 0, 0, 0, 0, 0, 0, 0, 0"
Guangxi Department of Commerce,广西壮族自治区商务厅,3,"0, 0, 0, 0, 0, 0, 0, Economic Development, 0, 0, 0, 0, 0, 0, 0, 0, International Relations/Exchange, 0, 0, 0, 0, 0, 0, 0, 0, 0, 0, 0, Trade, 0, 0",Guangxi,"All of China, 0, 0, 0, 0, 0, 0, Guangxi, 0, 0, 0, 0, 0, 0, 0, 0, 0, 0, 0, 0, 0, 0, 0, 0, 0, 0, 0, 0, 0, 0, 0, 0, 0, 0"
Guangxi Department of Education,广西省教育厅,4,"0, 0, 0, Arts and Culture, 0, 0, 0, 0, Education, 0, 0, Ethnic Affairs, 0, Health, 0, Infrastructure, 0, 0, 0, 0, 0, 0, Poverty Alleviation, 0, 0, 0, 0, 0, 0, 0, Youth",Guangxi,"0, 0, Beijing, 0, 0, 0, Guangdong, Guangxi, Guizhou, 0, 0, 0, 0, 0, 0, 0, 0, 0, 0, 0, 0, 0, 0, 0, 0, 0, 0, 0, 0, 0, 0, Yunnan, 0, 0"
Guizhou Department of Civil Affairs,贵州省民政厅,1,"0, 0, 0, 0, Civil Society Capacity-Building, 0, Disaster Relief, 0, 0, 0, 0, 0, 0, 0, 0, 0, 0, 0, 0, 0, 0, Migrants, 0, 0, 0, 0, 0, 0, 0, 0, Youth",Guizhou,"0, 0, 0, 0, 0, 0, 0, 0, Guizhou, 0, 0, 0, 0, 0, 0, 0, 0, 0, 0, 0, 0, 0, 0, 0, 0, 0, 0, 0, 0, 0, 0, 0, 0, 0"
Hainan Department of Civil Affairs,海南省民政厅,1,"0, 0, 0, 0, Civil Society Capacity-Building, 0, 0, 0, 0, 0, 0, 0, 0, 0, 0, 0, International Relations/Exchange, 0, Law and Governance, 0, 0, 0, 0, 0, 0, 0, 0, 0, 0, 0, 0",Hainan,"0, 0, Beijing, 0, Fujian, 0, Guangdong, 0, 0, Hainan, Hebei, 0, 0, 0, 0, 0, Jiangsu, 0, 0, 0, 0, 0, 0, Shandong, Shanghai, 0, 0, Tianjin, 0, 0, 0, 0, Zhejiang, 0"
Hainan Health Commission (formerly Hainan Health and Family Planning Commission),海南省卫生健康委员会,1,"Aging, 0, 0, 0, 0, 0, 0, 0, 0, 0, 0, 0, 0, Health, 0, 0, 0, 0, 0, 0, 0, 0, 0, 0, 0, 0, 0, 0, 0, 0, 0",Hainan,"0, 0, 0, 0, 0, 0, 0, 0, 0, Hainan, 0, 0, 0, 0, 0, 0, 0, 0, 0, 0, 0, 0, 0, 0, 0, 0, 0, 0, 0, 0, 0, 0, 0, 0"
Hebei Department of Civil Affairs,河北省民政厅,1,"0, 0, 0, 0, Civil Society Capacity-Building, Disabilities, Disaster Relief, 0, 0, 0, 0, 0, 0, 0, 0, 0, 0, 0, 0, 0, 0, Migrants, Poverty Alleviation, 0, Rural Issues/Development, 0, 0, 0, 0, Urban Issues/Development, Youth",Hebei,"0, 0, 0, 0, 0, 0, 0, 0, 0, 0, Hebei, 0, 0, 0, 0, 0, 0, 0, 0, 0, 0, 0, 0, 0, 0, 0, 0, 0, 0, 0, 0, 0, 0, 0"
Hebei Department of Commerce,河北省商务厅,1,"0, 0, 0, 0, 0, 0, 0, 0, 0, 0, 0, 0, 0, 0, 0, 0, 0, 0, 0, 0, 0, 0, 0, 0, 0, 0, 0, 0, Trade, 0, 0",Hebei,"0, 0, 0, 0, 0, 0, 0, 0, 0, 0, Hebei, 0, 0, 0, 0, 0, 0, 0, 0, 0, 0, 0, 0, 0, 0, 0, 0, 0, 0, 0, 0, 0, 0, 0"
Heilongjiang Department of Commerce,黑龙江省商务厅,2,"0, 0, 0, 0, 0, 0, 0, Economic Development, 0, 0, 0, 0, 0, 0, 0, 0, 0, 0, 0, 0, 0, 0, 0, 0, 0, 0, Technology, Tourism, Trade, 0, 0",Heilongjiang,"0, 0, Beijing, Chongqing, 0, 0, Guangdong, 0, 0, 0, Hebei, Heilongjiang, 0, 0, 0, 0, 0, 0, Jilin, Liaoning, 0, 0, 0, 0, Shanghai, 0, 0, Tianjin, 0, 0, 0, 0, Zhejiang, 0"
Heilongjiang Health Commission (formerly Heilongjiang Health and Family Planning Commission),黑龙江省卫生健康委员会,1,"Aging, 0, 0, 0, 0, Disabilities, 0, 0, 0, 0, 0, 0, Gender Issues, Health, 0, 0, 0, 0, 0, 0, 0, 0, 0, 0, 0, 0, 0, 0, 0, 0, Youth",Heilongjiang,"0, 0, Beijing, 0, 0, 0, 0, 0, 0, 0, 0, Heilongjiang, 0, 0, 0, 0, 0, 0, 0, 0, 0, 0, 0, 0, 0, 0, 0, 0, 0, 0, 0, Yunnan, 0, 0"
Henan Department of Education,河南省教育厅,4,"0, 0, 0, 0, 0, 0, 0, 0, Education, 0, 0, 0, 0, Health, 0, 0, International Relations/Exchange, 0, 0, 0, 0, 0, Poverty Alleviation, 0, Rural Issues/Development, 0, 0, 0, 0, 0, Youth",Henan,"0, 0, 0, 0, 0, 0, 0, 0, 0, 0, 0, 0, Henan, 0, 0, 0, 0, 0, 0, 0, 0, 0, 0, 0, 0, 0, 0, 0, 0, 0, 0, 0, 0, 0"
Henan People’s Association for Friendship with Foreign Countries,河南省人民对外友好协会,1,"0, 0, 0, 0, 0, 0, 0, Economic Development, Education, 0, 0, 0, 0, Health, 0, 0, 0, Labor, 0, 0, 0, 0, Poverty Alleviation, 0, 0, 0, 0, 0, 0, 0, Youth",Henan,"0, Anhui, Beijing, 0, 0, 0, Guangdong, Guangxi, 0, 0, 0, 0, Henan, 0, 0, 0, 0, 0, 0, 0, 0, 0, Shaanxi, Shandong, Shanghai, Shanxi, 0, 0, 0, 0, 0, Yunnan, 0, 0"
Hubei Department of Agriculture and Rural Affairs (formerly Hubei Department of Agriculture),湖北省农业厅,3,"0, Agriculture, 0, 0, 0, 0, 0, 0, 0, 0, Environment, 0, 0, 0, 0, 0, 0, 0, 0, 0, 0, 0, 0, 0, 0, 0, Technology, 0, Trade, 0, 0",Hubei,"0, Anhui, 0, 0, 0, 0, 0, 0, 0, 0, 0, 0, 0, Hubei, Hunan, 0, Jiangsu, Jiangxi, 0, 0, 0, 0, 0, 0, Shanghai, 0, 0, 0, 0, 0, 0, 0, Zhejiang, 0"
Hubei Department of Commerce,湖北省商务厅,1,"0, 0, 0, 0, 0, 0, 0, 0, 0, 0, 0, 0, 0, 0, 0, 0, 0, 0, 0, 0, 0, 0, 0, 0, 0, 0, 0, 0, Trade, 0, 0",Hubei,"0, 0, 0, 0, 0, 0, 0, 0, 0, 0, 0, 0, 0, Hubei, 0, 0, 0, 0, 0, 0, 0, 0, 0, 0, 0, 0, 0, 0, 0, 0, 0, 0, 0, 0"
Hubei Health Commission (formerly Hubei Health and Family Planning Commission),湖北省卫生健康委员会,1,"0, 0, 0, 0, 0, 0, 0, 0, 0, 0, 0, 0, 0, Health, 0, 0, 0, 0, 0, 0, 0, 0, 0, 0, 0, 0, 0, 0, 0, 0, 0",Hubei,"0, 0, 0, 0, 0, 0, 0, 0, 0, 0, 0, 0, 0, Hubei, 0, 0, 0, 0, 0, 0, 0, 0, 0, 0, 0, 0, 0, 0, 0, 0, 0, 0, 0, 0"
Hubei Province Department of Civil Affairs,湖北省民政厅,1,"Aging, 0, 0, 0, Civil Society Capacity-Building, 0, 0, 0, 0, 0, 0, 0, 0, 0, 0, 0, 0, 0, 0, 0, 0, 0, 0, 0, 0, 0, 0, 0, 0, 0, 0",Hubei,"0, 0, 0, 0, 0, 0, 0, 0, 0, 0, 0, 0, 0, Hubei, 0, 0, 0, 0, 0, 0, 0, 0, 0, 0, 0, 0, 0, 0, 0, 0, 0, 0, 0, 0"
Hunan Department of Civil Affairs,湖南省民政厅,2,"0, 0, 0, 0, Civil Society Capacity-Building, 0, 0, 0, 0, 0, 0, 0, 0, Health, 0, 0, 0, 0, 0, 0, 0, 0, 0, 0, 0, 0, 0, 0, 0, 0, Youth",Hunan,"0, 0, 0, 0, 0, 0, 0, 0, 0, 0, 0, 0, 0, 0, Hunan, 0, 0, 0, 0, 0, 0, 0, 0, 0, 0, 0, 0, 0, 0, 0, 0, 0, 0, 0"
Hunan Department of Commerce,商务厅,7,"0, 0, 0, Arts and Culture, Civil Society Capacity-Building, 0, 0, Economic Development, Education, 0, 0, 0, 0, 0, 0, 0, International Relations/Exchange, 0, 0, 0, 0, 0, 0, 0, 0, Sport, 0, 0, Trade, 0, 0",Hunan,"0, 0, 0, 0, 0, 0, 0, 0, 0, 0, 0, 0, 0, 0, Hunan, 0, 0, 0, 0, 0, 0, 0, 0, 0, 0, 0, 0, 0, 0, 0, 0, 0, 0, 0"
Hunan Department of Education,湖南省教育厅,3,"0, 0, 0, 0, 0, Disabilities, 0, 0, Education, 0, 0, 0, 0, 0, 0, 0, 0, 0, 0, 0, 0, 0, Poverty Alleviation, 0, Rural Issues/Development, 0, 0, 0, 0, 0, Youth",Hunan,"0, 0, 0, 0, 0, 0, 0, 0, 0, 0, 0, 0, 0, 0, Hunan, 0, 0, 0, 0, 0, 0, 0, 0, 0, 0, 0, 0, 0, 0, 0, 0, 0, 0, 0"
Hunan Department of Science and Technology,湖南省科技厅,4,"0, 0, 0, Arts and Culture, 0, 0, 0, Economic Development, Education, Energy, Environment, 0, 0, 0, 0, 0, International Relations/Exchange, 0, Law and Governance, 0, 0, 0, 0, 0, Rural Issues/Development, 0, Technology, 0, Trade, 0, 0",Hunan,"0, 0, 0, 0, 0, 0, 0, 0, 0, 0, 0, 0, 0, 0, Hunan, 0, 0, 0, 0, 0, 0, 0, 0, 0, 0, 0, 0, 0, 0, 0, 0, 0, 0, 0"
Hunan Office of Overseas Chinese Affairs,湖南省人民政府侨务办公室,1,"0, 0, 0, 0, 0, 0, 0, 0, 0, 0, 0, 0, 0, 0, 0, 0, International Relations/Exchange, 0, 0, 0, 0, 0, 0, 0, 0, 0, 0, 0, 0, 0, 0",Hunan,"0, 0, 0, 0, 0, 0, 0, 0, 0, 0, 0, 0, 0, 0, Hunan, 0, 0, 0, 0, 0, 0, 0, 0, 0, 0, 0, 0, 0, 0, 0, 0, 0, 0, 0"
Hunan People’s Government Office of Foreign Affairs,湖南省人民政府外事办公室,1,"0, 0, 0, 0, 0, 0, 0, 0, 0, 0, 0, 0, 0, 0, 0, 0, 0, 0, 0, 0, 0, 0, 0, 0, 0, 0, 0, Tourism, Trade, 0, 0",Hunan,"0, 0, 0, 0, 0, 0, 0, 0, 0, 0, 0, 0, 0, 0, Hunan, 0, 0, 0, 0, 0, 0, 0, 0, 0, 0, 0, 0, 0, 0, 0, 0, 0, 0, 0"
Inner Mongolia Department of Commerce,内蒙古商务厅,1,"0, 0, 0, 0, 0, 0, 0, 0, 0, 0, 0, 0, 0, 0, 0, 0, 0, 0, 0, 0, 0, 0, 0, 0, 0, 0, 0, 0, Trade, 0, 0",Inner Mongolia,"0, 0, 0, 0, 0, 0, 0, 0, 0, 0, 0, 0, 0, 0, 0, Inner Mongolia, 0, 0, 0, 0, 0, 0, 0, 0, 0, 0, 0, 0, 0, 0, 0, 0, 0, 0"
Inner Mongolia Forestry and Grassland Administration (formerly Inner Mongolia Forestry Administration),内蒙古自治区林业和草原局,4,"0, 0, 0, 0, 0, 0, 0, 0, 0, 0, Environment, 0, 0, 0, 0, 0, International Relations/Exchange, 0, 0, 0, 0, 0, 0, 0, 0, 0, 0, 0, 0, 0, Youth",Inner Mongolia,"0, 0, Beijing, 0, 0, Gansu, 0, 0, 0, 0, 0, 0, 0, 0, 0, Inner Mongolia, 0, 0, 0, 0, Ningxia, Qinghai, 0, Shandong, 0, 0, 0, 0, 0, Xinjiang, 0, 0, 0, 0"
Jiangsu Department of Commerce,江苏省商务厅,7,"0, Agriculture, 0, Arts and Culture, Civil Society Capacity-Building, 0, 0, Economic Development, Education, 0, 0, 0, 0, 0, 0, 0, International Relations/Exchange, 0, 0, 0, 0, 0, 0, Religion, 0, 0, Technology, Tourism, Trade, 0, 0",Jiangsu,"All of China, Anhui, Beijing, Chongqing, Fujian, 0, Guangdong, 0, Guizhou, Hainan, 0, 0, 0, 0, 0, 0, Jiangsu, Jiangxi, Jilin, 0, 0, 0, Shaanxi, Shandong, Shanghai, 0, Sichuan, Tianjin, 0, 0, 0, Yunnan, Zhejiang, 0"
Jiangsu Department of Culture and Tourism (formerly Jiangsu Department of Culture),江苏省文化和旅游厅,1,"0, 0, 0, Arts and Culture, 0, 0, 0, 0, 0, 0, 0, 0, 0, 0, 0, 0, International Relations/Exchange, 0, 0, 0, 0, 0, 0, 0, 0, 0, 0, 0, 0, 0, 0",Jiangsu,"0, 0, 0, 0, 0, 0, 0, 0, 0, 0, 0, 0, 0, 0, 0, 0, Jiangsu, 0, 0, 0, 0, 0, 0, 0, 0, 0, 0, 0, 0, 0, 0, 0, 0, 0"
Jiangsu Department of Education,江苏省教育厅,1,"0, 0, 0, 0, 0, 0, 0, 0, Education, 0, Environment, 0, 0, Health, 0, 0, 0, 0, 0, 0, 0, 0, 0, 0, 0, 0, 0, 0, 0, 0, 0",Jiangsu,"0, 0, 0, 0, 0, 0, 0, 0, 0, 0, 0, 0, 0, 0, 0, 0, Jiangsu, 0, 0, 0, 0, 0, 0, 0, 0, 0, 0, 0, 0, 0, 0, 0, 0, 0"
Jiangxi Department of Civil Affairs,江西省民政厅,1,"0, 0, 0, 0, Civil Society Capacity-Building, 0, Disaster Relief, 0, 0, 0, 0, 0, 0, 0, 0, 0, 0, 0, 0, 0, 0, Migrants, Poverty Alleviation, 0, 0, 0, 0, 0, 0, 0, Youth",Jiangxi,"0, 0, 0, 0, 0, 0, 0, 0, 0, 0, 0, 0, 0, 0, 0, 0, 0, Jiangxi, 0, 0, 0, 0, 0, 0, 0, 0, 0, 0, 0, 0, 0, 0, 0, 0"
Jilin Department of Commerce,吉林省商务厅,2,"0, 0, 0, 0, 0, 0, 0, Economic Development, 0, 0, 0, 0, 0, 0, 0, 0, 0, 0, 0, 0, 0, 0, 0, 0, 0, 0, 0, 0, Trade, 0, 0",Jilin,"0, 0, 0, 0, 0, 0, 0, 0, 0, 0, 0, 0, 0, 0, 0, 0, 0, 0, Jilin, 0, 0, 0, 0, 0, 0, 0, 0, 0, 0, 0, 0, 0, 0, 0"
Liaoning Department of Civil Affairs,辽宁省民政厅,1,"0, 0, 0, 0, 0, 0, 0, 0, 0, 0, 0, 0, 0, Health, 0, 0, 0, 0, 0, 0, 0, 0, Poverty Alleviation, 0, 0, 0, 0, 0, 0, 0, 0",Liaoning,"0, 0, 0, 0, 0, 0, 0, 0, 0, 0, 0, 0, 0, 0, 0, 0, 0, 0, 0, Liaoning, 0, 0, 0, 0, 0, 0, 0, 0, 0, 0, 0, 0, 0, 0"
Liaoning Department of Commerce,辽宁省商务厅,16,"0, Agriculture, 0, Arts and Culture, 0, 0, 0, Economic Development, 0, 0, Environment, 0, 0, 0, 0, 0, International Relations/Exchange, 0, 0, 0, 0, 0, 0, 0, 0, Sport, 0, Tourism, Trade, 0, 0",Liaoning,"0, Anhui, Beijing, Chongqing, Fujian, Gansu, Guangdong, Guangxi, Guizhou, Hainan, Hebei, Heilongjiang, Henan, Hubei, Hunan, Inner Mongolia, Jiangsu, Jiangxi, Jilin, Liaoning, Ningxia, Qinghai, Shaanxi, Shandong, Shanghai, Shanxi, Sichuan, Tianjin, Tibet, Xinjiang, 0, Yunnan, Zhejiang, 0"
Liaoning Department of Commerce Foreign Investment Office,辽宁省商务厅外资处,1,"0, 0, 0, 0, 0, 0, 0, 0, 0, 0, 0, 0, 0, 0, 0, 0, 0, 0, 0, 0, 0, 0, 0, 0, 0, 0, 0, 0, Trade, 0, 0",Liaoning,"0, 0, 0, 0, 0, 0, 0, 0, 0, 0, 0, Heilongjiang, 0, 0, 0, 0, 0, 0, Jilin, Liaoning, 0, 0, 0, 0, 0, 0, 0, 0, 0, 0, 0, 0, 0, 0"
Liaoning Disabled Persons’s Federation,辽宁省残疾人联合会,1,"0, 0, 0, 0, 0, Disabilities, 0, 0, 0, 0, 0, 0, 0, 0, 0, 0, 0, 0, 0, 0, 0, 0, 0, 0, 0, 0, 0, 0, 0, 0, 0",Liaoning,"0, 0, 0, 0, 0, 0, 0, 0, 0, 0, 0, 0, 0, 0, 0, 0, 0, 0, 0, Liaoning, 0, 0, 0, 0, 0, 0, 0, 0, 0, 0, 0, 0, 0, 0"
Ministry of Agriculture and Rural Affairs (formerly Ministry of Agriculture),农业农村部,4,"0, Agriculture, 0, 0, 0, 0, 0, 0, 0, 0, Environment, 0, Gender Issues, 0, 0, 0, International Relations/Exchange, 0, Law and Governance, 0, 0, 0, Poverty Alleviation, 0, Rural Issues/Development, 0, Technology, 0, 0, 0, 0",Beijing,"All of China, 0, Beijing, Chongqing, 0, Gansu, Guangdong, Guangxi, Guizhou, Hainan, Hebei, Heilongjiang, Henan, 0, 0, Inner Mongolia, 0, 0, Jilin, Liaoning, Ningxia, Qinghai, Shaanxi, Shandong, 0, Shanxi, Sichuan, Tianjin, Tibet, Xinjiang, Xinjiang Bingtuan, Yunnan, 0, 0"
Ministry of Civil Affairs,民政部,10,"0, 0, 0, Arts and Culture, Civil Society Capacity-Building, Disabilities, Disaster Relief, 0, Education, 0, Environment, 0, 0, Health, 0, 0, International Relations/Exchange, 0, 0, 0, 0, 0, Poverty Alleviation, 0, 0, 0, 0, 0, 0, 0, Youth","Beijing, Guangdong","All of China, 0, 0, 0, 0, 0, Guangdong, 0, 0, 0, 0, 0, 0, 0, 0, 0, 0, 0, 0, 0, 0, 0, 0, 0, 0, 0, 0, 0, 0, 0, 0, 0, 0, 0"
Ministry of Culture and Tourism (formerly China National Tourism Administration),文化和旅游部,1,"0, 0, 0, 0, 0, 0, 0, 0, 0, 0, 0, 0, 0, 0, 0, 0, 0, 0, 0, 0, 0, 0, 0, 0, 0, 0, 0, Tourism, 0, 0, 0",Beijing,"All of China, 0, 0, 0, 0, 0, 0, 0, 0, 0, 0, 0, 0, 0, 0, 0, 0, 0, 0, 0, 0, 0, 0, 0, 0, 0, 0, 0, 0, 0, 0, 0, 0, 0"
Ministry of Ecology and Environment (formerly Ministry of Environmental Protection),生态环境部,9,"0, 0, 0, 0, 0, 0, 0, 0, Education, Energy, Environment, 0, 0, 0, 0, 0, International Relations/Exchange, 0, Law and Governance, 0, 0, 0, 0, 0, 0, 0, 0, 0, 0, 0, 0",Beijing,"All of China, Anhui, Beijing, Chongqing, Fujian, Gansu, Guangdong, Guangxi, Guizhou, Hainan, Hebei, Heilongjiang, Henan, Hubei, Hunan, Inner Mongolia, Jiangsu, Jiangxi, Jilin, Liaoning, Ningxia, Qinghai, Shaanxi, Shandong, Shanghai, Shanxi, Sichuan, Tianjin, 0, Xinjiang, Xinjiang Bingtuan, Yunnan, Zhejiang, 0"
Ministry of Education,教育部,6,"0, 0, 0, 0, 0, 0, 0, 0, Education, 0, 0, 0, 0, 0, 0, 0, International Relations/Exchange, 0, 0, 0, 0, 0, 0, 0, 0, 0, 0, 0, 0, 0, Youth","Beijing, Guangdong","All of China, 0, Beijing, Chongqing, 0, Gansu, 0, 0, 0, 0, Hebei, Heilongjiang, Henan, Hubei, 0, Inner Mongolia, 0, Jiangxi, Jilin, Liaoning, Ningxia, Qinghai, Shaanxi, Shandong, 0, Shanxi, Sichuan, Tianjin, Tibet, Xinjiang, 0, Yunnan, 0, 0"
Ministry of Housing and Urban-Rural Development,住房和城乡建设部,1,"0, 0, 0, 0, Civil Society Capacity-Building, 0, Disaster Relief, Economic Development, Education, 0, 0, 0, 0, 0, 0, Infrastructure, International Relations/Exchange, 0, 0, 0, 0, 0, Poverty Alleviation, 0, 0, 0, Technology, 0, 0, 0, 0",Beijing,"0, 0, Beijing, 0, 0, 0, 0, 0, 0, 0, 0, 0, 0, 0, 0, 0, 0, 0, 0, 0, 0, 0, 0, 0, 0, 0, 0, 0, 0, 0, 0, 0, 0, 0"
Ministry of Industry and Information Technology,中华人民共和国工业和信息化部,1,"0, 0, 0, 0, 0, 0, 0, 0, 0, 0, 0, 0, 0, 0, 0, 0, 0, 0, 0, 0, 0, 0, 0, 0, 0, 0, 0, 0, Trade, 0, 0",Beijing,"0, Anhui, Beijing, Chongqing, 0, Gansu, 0, 0, Guizhou, 0, Hebei, Heilongjiang, Henan, 0, 0, Inner Mongolia, 0, 0, Jilin, Liaoning, Ningxia, Qinghai, Shaanxi, Shandong, 0, Shanxi, 0, Tianjin, Tibet, Xinjiang, 0, 0, 0, 0"
Ministry of Natural Resources (formerly Ministry of Land and Resources),自然资源部,1,"0, 0, 0, 0, 0, 0, 0, Economic Development, 0, 0, 0, 0, 0, 0, 0, 0, International Relations/Exchange, 0, 0, 0, 0, 0, 0, 0, Rural Issues/Development, 0, 0, 0, 0, 0, 0",Shandong,"0, 0, 0, Chongqing, 0, 0, 0, 0, 0, 0, 0, 0, 0, 0, 0, 0, 0, Jiangxi, 0, 0, Ningxia, 0, 0, Shandong, 0, 0, Sichuan, 0, 0, 0, 0, 0, 0, 0"
Ministry of Science and Technology,科学技术部,2,"0, 0, 0, 0, 0, 0, 0, 0, Education, 0, 0, 0, 0, Health, 0, 0, International Relations/Exchange, 0, 0, 0, 0, 0, 0, 0, 0, 0, Technology, 0, 0, 0, 0",Beijing,"All of China, 0, 0, 0, 0, 0, 0, 0, 0, 0, 0, 0, 0, 0, 0, 0, 0, 0, 0, 0, 0, 0, 0, 0, 0, 0, 0, 0, 0, 0, 0, 0, 0, 0"
National Copyright Administration,国家版权局,5,"0, 0, 0, Arts and Culture, 0, 0, 0, 0, 0, 0, 0, 0, 0, 0, 0, 0, 0, 0, 0, 0, 0, 0, 0, 0, 0, 0, 0, 0, Trade, 0, 0",Beijing,"All of China, 0, 0, 0, 0, 0, 0, 0, 0, 0, 0, 0, 0, 0, 0, 0, 0, 0, 0, 0, 0, 0, 0, 0, 0, 0, 0, 0, 0, 0, 0, 0, 0, 0"
National Development and Reform Commission,国家发展和改革委员会,3,"0, 0, 0, 0, 0, 0, 0, Economic Development, 0, Energy, Environment, 0, 0, 0, 0, 0, International Relations/Exchange, 0, 0, 0, 0, 0, 0, 0, 0, 0, 0, 0, 0, Urban Issues/Development, 0",Beijing,"All of China, 0, 0, 0, 0, 0, 0, 0, 0, 0, 0, 0, 0, 0, 0, 0, 0, 0, 0, 0, 0, 0, 0, 0, 0, 0, 0, 0, 0, 0, 0, 0, 0, 0"
National Energy Administration,国家能源局,2,"0, 0, 0, 0, 0, 0, 0, 0, 0, Energy, Environment, 0, 0, 0, 0, Infrastructure, 0, 0, Law and Governance, 0, 0, 0, 0, 0, 0, 0, Technology, 0, Trade, Urban Issues/Development, 0",Beijing,"All of China, 0, Beijing, 0, 0, 0, 0, 0, 0, 0, 0, 0, 0, 0, 0, 0, 0, 0, 0, 0, 0, 0, 0, 0, 0, 0, 0, 0, 0, 0, 0, 0, 0, 0"
National Food and Strategic Reserves Administration (formerly State Administration of Grain),国家粮食和物资储备局,4,"0, 0, 0, 0, 0, 0, 0, 0, 0, 0, 0, 0, 0, 0, 0, 0, 0, 0, 0, 0, 0, 0, 0, 0, 0, 0, 0, 0, Trade, 0, 0",Beijing,"All of China, 0, Beijing, 0, 0, Gansu, 0, 0, 0, 0, Hebei, Heilongjiang, Henan, 0, 0, Inner Mongolia, 0, 0, Jilin, Liaoning, Ningxia, Qinghai, Shaanxi, Shandong, 0, Shanxi, 0, Tianjin, Tibet, Xinjiang, 0, 0, 0, 0"
National Forestry and Grassland Administration (formerly State Forestry Administration),国家林业和草原局,10,"0, 0, Animal Protection, 0, 0, 0, 0, 0, Education, 0, Environment, 0, 0, 0, 0, 0, International Relations/Exchange, 0, 0, 0, 0, 0, 0, 0, 0, 0, 0, 0, 0, 0, 0",Beijing,"All of China, Anhui, Beijing, Chongqing, Fujian, Gansu, Guangdong, Guangxi, Guizhou, Hainan, Hebei, Heilongjiang, Henan, Hubei, Hunan, Inner Mongolia, Jiangsu, Jiangxi, Jilin, Liaoning, 0, Qinghai, Shaanxi, Shandong, Shanghai, Shanxi, Sichuan, Tianjin, Tibet, Xinjiang, 0, Yunnan, Zhejiang, 0"
National Health Commission (formerly National Health and Family Planning Commission),国家卫生健康委员会,5,"0, 0, 0, 0, 0, 0, 0, 0, Education, 0, 0, 0, 0, Health, 0, 0, 0, 0, 0, 0, 0, 0, 0, 0, 0, 0, 0, 0, 0, 0, 0",Beijing,"All of China, 0, Beijing, 0, 0, 0, 0, 0, 0, 0, 0, 0, 0, Hubei, 0, 0, 0, 0, 0, 0, 0, 0, 0, 0, 0, 0, 0, Tianjin, 0, 0, 0, 0, 0, 0"
"National Radio and Television Administration (formerly State Administration of Press, Publication, Radio, Film and Television)",国家广播电视总局,3,"0, 0, 0, Arts and Culture, 0, 0, 0, 0, 0, 0, 0, 0, 0, 0, 0, 0, International Relations/Exchange, 0, 0, 0, Media, 0, 0, 0, 0, Sport, Technology, 0, Trade, 0, 0",Beijing,"All of China, 0, 0, 0, 0, 0, 0, 0, 0, 0, 0, 0, 0, 0, 0, 0, 0, 0, 0, 0, 0, 0, 0, 0, 0, 0, 0, 0, 0, 0, 0, 0, 0, 0"
Qinghai Department of Civil Affairs,青海省民政廳,1,"Aging, 0, 0, 0, 0, Disabilities, 0, 0, Education, 0, 0, 0, 0, Health, 0, Infrastructure, International Relations/Exchange, 0, 0, 0, 0, 0, Poverty Alleviation, 0, 0, 0, 0, 0, 0, 0, Youth",Qinghai,"0, 0, 0, 0, 0, 0, 0, 0, 0, 0, 0, 0, 0, 0, 0, 0, 0, 0, 0, 0, 0, Qinghai, 0, 0, 0, 0, 0, 0, 0, 0, 0, 0, 0, 0"
Shaanxi Department of Civil Affairs,陕西省民政厅,1,"0, 0, 0, 0, 0, Disabilities, Disaster Relief, 0, 0, 0, 0, 0, 0, 0, 0, 0, 0, 0, 0, 0, 0, 0, Poverty Alleviation, 0, 0, 0, 0, 0, 0, 0, Youth",Shaanxi,"0, 0, 0, 0, 0, 0, 0, 0, 0, 0, 0, 0, 0, 0, 0, 0, 0, 0, 0, 0, 0, 0, Shaanxi, 0, 0, 0, 0, 0, 0, 0, 0, 0, 0, 0"
Shaanxi Department of Commerce,陕西省商务厅,1,"0, 0, 0, Arts and Culture, 0, 0, 0, 0, 0, 0, 0, 0, 0, 0, 0, 0, International Relations/Exchange, 0, 0, 0, 0, 0, 0, 0, 0, 0, 0, 0, Trade, 0, 0",Shaanxi,"0, Anhui, 0, Chongqing, Fujian, Gansu, Guangdong, Guangxi, Guizhou, Hainan, Hebei, Heilongjiang, Henan, Hubei, Hunan, Inner Mongolia, Jiangsu, Jiangxi, Jilin, Liaoning, Ningxia, Qinghai, Shaanxi, Shandong, Shanghai, Shanxi, Sichuan, Tianjin, Tibet, Xinjiang, Xinjiang Bingtuan, Yunnan, Zhejiang, 0"
Shaanxi Department of Education,陕西省教育厅,1,"0, 0, 0, 0, 0, 0, 0, 0, Education, 0, 0, 0, 0, 0, 0, 0, 0, 0, 0, 0, 0, 0, 0, 0, 0, 0, 0, 0, 0, 0, 0",Shaanxi,"0, 0, 0, 0, 0, 0, 0, 0, 0, 0, 0, 0, 0, 0, 0, 0, 0, 0, 0, 0, 0, 0, Shaanxi, 0, 0, 0, 0, 0, 0, 0, 0, Yunnan, 0, 0"
Shaanxi Federation of Returned Overseas Chinese,陕西省归国华侨联合会,1,"0, 0, 0, 0, 0, 0, Disaster Relief, 0, Education, 0, 0, 0, 0, 0, 0, 0, 0, 0, 0, 0, 0, 0, Poverty Alleviation, 0, 0, 0, 0, 0, 0, 0, Youth",Shaanxi,"All of China, 0, 0, 0, 0, 0, 0, 0, 0, 0, 0, 0, 0, 0, 0, 0, 0, 0, 0, 0, 0, 0, 0, 0, 0, 0, 0, 0, 0, 0, 0, 0, 0, 0"
Shaanxi Women’s Federation,陕西省妇女联合会,1,"0, 0, 0, 0, 0, 0, 0, 0, 0, 0, 0, 0, Gender Issues, 0, 0, 0, 0, 0, 0, 0, 0, 0, 0, 0, 0, 0, 0, 0, 0, 0, Youth",Shaanxi,"0, Anhui, Beijing, 0, 0, 0, 0, 0, 0, 0, 0, 0, 0, 0, Hunan, 0, 0, Jiangxi, 0, 0, Ningxia, Qinghai, Shaanxi, 0, 0, 0, Sichuan, 0, 0, 0, 0, Yunnan, 0, 0"
Shandong Commission of Commerce,山东省商务厅,2,"0, 0, 0, 0, 0, 0, 0, 0, 0, 0, 0, 0, 0, 0, 0, 0, 0, 0, 0, 0, 0, 0, 0, 0, 0, 0, Technology, 0, Trade, 0, 0",Shandong,"0, 0, 0, 0, 0, 0, 0, 0, 0, 0, 0, 0, 0, 0, 0, 0, 0, 0, 0, 0, 0, 0, 0, Shandong, 0, 0, 0, 0, 0, 0, 0, 0, 0, 0"
Shandong Department of Commerce,山东省商务厅,6,"0, 0, 0, 0, 0, 0, 0, 0, 0, 0, 0, 0, 0, 0, 0, 0, 0, 0, 0, 0, 0, 0, 0, 0, 0, 0, Technology, 0, Trade, 0, 0",Shandong,"All of China, 0, Beijing, Chongqing, Fujian, 0, Guangdong, 0, 0, 0, 0, 0, 0, 0, 0, 0, Jiangsu, 0, 0, 0, 0, 0, 0, Shandong, Shanghai, 0, Sichuan, Tianjin, 0, 0, 0, 0, Zhejiang, 0"
Shandong Department of Science and Technology,山东省科技厅,1,"0, 0, 0, 0, 0, 0, 0, 0, 0, 0, 0, 0, 0, 0, 0, 0, International Relations/Exchange, 0, 0, 0, 0, 0, 0, 0, 0, 0, Technology, 0, 0, 0, 0",Shandong,"All of China, 0, 0, 0, 0, 0, 0, 0, 0, 0, 0, 0, 0, 0, 0, 0, 0, 0, 0, 0, 0, 0, 0, 0, 0, 0, 0, 0, 0, 0, 0, 0, 0, 0"
Shandong Health Commission (formerly Shandong Health and Family Planning Commission),山东省卫生健康委员会,2,"0, 0, 0, 0, 0, 0, 0, 0, 0, 0, 0, 0, 0, Health, 0, 0, 0, 0, Law and Governance, 0, 0, 0, 0, 0, 0, 0, 0, 0, 0, 0, 0",Shandong,"All of China, 0, 0, 0, 0, 0, 0, 0, 0, 0, 0, 0, 0, 0, 0, 0, 0, 0, 0, 0, 0, 0, 0, 0, 0, 0, 0, 0, 0, 0, 0, 0, 0, 0"
Shanghai Administration of Culture and Tourism (formerly Shanghai Tourism Administration),上海市文化和旅游局,3,"0, 0, 0, 0, 0, 0, 0, Economic Development, 0, 0, 0, 0, 0, 0, 0, 0, 0, Labor, 0, 0, 0, 0, 0, 0, 0, 0, 0, Tourism, Trade, 0, 0",Shanghai,"All of China, Anhui, Beijing, Chongqing, Fujian, 0, Guangdong, Guangxi, Guizhou, Hainan, Hebei, Heilongjiang, Henan, Hubei, Hunan, 0, Jiangsu, 0, Jilin, Liaoning, 0, 0, Shaanxi, Shandong, Shanghai, Shanxi, Sichuan, Tianjin, 0, 0, 0, Yunnan, Zhejiang, 0"
Shanghai Bureau of Civil Affairs,上海市民政局,3,"Aging, 0, 0, 0, Civil Society Capacity-Building, 0, Disaster Relief, 0, Education, 0, 0, 0, 0, 0, 0, Infrastructure, International Relations/Exchange, 0, 0, 0, 0, 0, Poverty Alleviation, 0, 0, 0, 0, 0, 0, 0, 0",Shanghai,"0, Anhui, Beijing, Chongqing, Fujian, Gansu, Guangdong, Guangxi, Guizhou, 0, Hebei, Heilongjiang, Henan, 0, Hunan, 0, Jiangsu, Jiangxi, Jilin, Liaoning, 0, 0, Shaanxi, Shandong, Shanghai, Shanxi, Sichuan, Tianjin, 0, 0, 0, Yunnan, Zhejiang, 0"
Shanghai Chinese Communist Youth League Committee,共青团上海市委员会,1,"0, 0, 0, 0, 0, 0, 0, 0, 0, 0, 0, 0, 0, 0, 0, 0, International Relations/Exchange, 0, 0, 0, 0, 0, 0, 0, 0, 0, 0, 0, 0, 0, Youth",Shanghai,"All of China, 0, 0, 0, 0, 0, 0, 0, 0, 0, 0, 0, 0, 0, 0, 0, 0, 0, 0, 0, 0, 0, 0, 0, 0, 0, 0, 0, 0, 0, 0, 0, 0, 0"
Shanghai Commission of Commerce,上海市商务委员会,83,"0, 0, 0, Arts and Culture, 0, 0, 0, Economic Development, 0, 0, Environment, 0, 0, Health, 0, 0, International Relations/Exchange, 0, Law and Governance, 0, 0, 0, 0, 0, 0, 0, Technology, 0, Trade, Urban Issues/Development, 0",Shanghai,"All of China, Anhui, Beijing, Chongqing, Fujian, Gansu, Guangdong, Guangxi, Guizhou, Hainan, Hebei, Heilongjiang, Henan, Hubei, Hunan, Inner Mongolia, Jiangsu, Jiangxi, Jilin, Liaoning, Ningxia, Qinghai, Shaanxi, Shandong, Shanghai, Shanxi, Sichuan, Tianjin, Tibet, Xinjiang, 0, Yunnan, Zhejiang, 0"
Shanghai Commission of Education,上海市教育委员会,2,"0, 0, 0, 0, 0, 0, 0, 0, Education, 0, 0, 0, 0, 0, 0, 0, International Relations/Exchange, 0, 0, 0, 0, 0, 0, 0, 0, 0, 0, 0, 0, 0, Youth",Shanghai,"0, Anhui, 0, 0, 0, 0, 0, 0, 0, 0, 0, 0, 0, 0, 0, 0, Jiangsu, 0, 0, 0, 0, 0, 0, 0, Shanghai, 0, 0, 0, 0, 0, 0, Yunnan, Zhejiang, 0"
Shanghai Commission of Transport,上海市交通委,1,"0, 0, 0, 0, 0, 0, 0, 0, 0, 0, 0, 0, 0, 0, 0, 0, 0, 0, 0, 0, 0, 0, 0, 0, 0, 0, 0, 0, Trade, 0, 0",Shanghai,"All of China, 0, 0, 0, 0, 0, 0, 0, 0, 0, 0, 0, 0, 0, 0, 0, 0, 0, 0, 0, 0, 0, 0, 0, 0, 0, 0, 0, 0, 0, 0, 0, 0, 0"
Shanghai Customs District (formerly Shanghai Entry-Exit Inspection and Quarantine Bureau),上海海关,1,"0, 0, 0, 0, 0, 0, 0, 0, 0, 0, 0, 0, 0, 0, 0, 0, 0, 0, 0, 0, 0, 0, 0, 0, 0, 0, 0, 0, Trade, 0, 0",Shanghai,"All of China, 0, 0, 0, 0, 0, 0, 0, 0, 0, 0, 0, 0, 0, 0, 0, 0, 0, 0, 0, 0, 0, 0, 0, 0, 0, 0, 0, 0, 0, 0, 0, 0, 0"
Shanghai Health Commission (formerly Shanghai Health and Family Planning Commission),上海市卫生健康委员会,3,"0, 0, 0, 0, 0, 0, Disaster Relief, 0, 0, 0, 0, 0, 0, Health, 0, 0, 0, 0, 0, 0, 0, 0, Poverty Alleviation, 0, 0, 0, 0, 0, 0, 0, Youth",Shanghai,"0, Anhui, 0, 0, Fujian, 0, Guangdong, Guangxi, Guizhou, 0, 0, Heilongjiang, 0, 0, 0, Inner Mongolia, Jiangsu, 0, 0, 0, 0, Qinghai, 0, Shandong, Shanghai, 0, Sichuan, 0, Tibet, Xinjiang, 0, Yunnan, Zhejiang, 0"
Shanghai Institutes for International Studies,上海国际问题研究院,1,"0, 0, 0, 0, 0, 0, 0, 0, 0, 0, Environment, 0, 0, 0, 0, 0, International Relations/Exchange, Labor, Law and Governance, 0, 0, 0, 0, 0, 0, 0, 0, 0, 0, 0, 0",Shanghai,"0, Anhui, 0, 0, Fujian, 0, Guangdong, Guangxi, 0, Hainan, 0, 0, 0, Hubei, Hunan, 0, Jiangsu, Jiangxi, 0, 0, 0, 0, 0, 0, Shanghai, 0, 0, 0, 0, 0, 0, 0, Zhejiang, 0"
Shanghai People’s Association for Friendship with Foreign Countries,上海市人民对外友好协会,1,"0, 0, 0, 0, Civil Society Capacity-Building, 0, Disaster Relief, 0, Education, 0, 0, 0, 0, Health, 0, 0, International Relations/Exchange, 0, 0, 0, 0, 0, Poverty Alleviation, 0, 0, 0, 0, 0, 0, 0, 0",Shanghai,"0, 0, Beijing, Chongqing, 0, 0, Guangdong, 0, 0, 0, 0, 0, 0, Hubei, 0, 0, Jiangsu, 0, 0, 0, 0, 0, Shaanxi, 0, Shanghai, 0, Sichuan, Tianjin, 0, 0, 0, Yunnan, 0, 0"
Sichuan Department of Civil Affairs,四川省民政厅,1,"0, 0, 0, 0, Civil Society Capacity-Building, 0, Disaster Relief, 0, 0, 0, 0, 0, 0, 0, 0, 0, 0, 0, 0, 0, 0, 0, 0, 0, 0, 0, 0, 0, 0, 0, Youth",Sichuan,"0, 0, 0, 0, 0, 0, 0, 0, 0, 0, 0, 0, 0, 0, 0, 0, 0, 0, 0, 0, 0, 0, 0, 0, 0, 0, Sichuan, 0, 0, 0, 0, 0, 0, 0"
Sichuan Department of Commerce,四川省商务厅,8,"0, 0, 0, 0, 0, 0, 0, 0, 0, 0, 0, 0, 0, 0, 0, 0, 0, 0, 0, 0, 0, 0, 0, 0, 0, 0, 0, 0, Trade, 0, 0",Sichuan,"0, 0, 0, Chongqing, 0, 0, 0, 0, Guizhou, 0, 0, 0, 0, Hubei, Hunan, 0, 0, 0, 0, 0, 0, Qinghai, Shaanxi, 0, 0, 0, Sichuan, 0, Tibet, Xinjiang, 0, Yunnan, 0, 0"
Sichuan Department of Culture and Tourism (formerly Sichuan Department of Culture),四川省文化和旅游厅,1,"0, 0, 0, 0, 0, 0, 0, 0, 0, 0, 0, 0, 0, 0, 0, 0, 0, 0, 0, 0, 0, 0, 0, 0, 0, 0, 0, Tourism, 0, 0, 0",Sichuan,"All of China, 0, 0, 0, 0, 0, 0, 0, 0, 0, 0, 0, 0, 0, 0, 0, 0, 0, 0, 0, 0, 0, 0, 0, 0, 0, 0, 0, 0, 0, 0, 0, 0, 0"
Sichuan Department of Education,四川省教育厅,6,"0, Agriculture, 0, 0, Civil Society Capacity-Building, 0, Disaster Relief, 0, Education, 0, Environment, 0, Gender Issues, Health, 0, Infrastructure, 0, 0, 0, 0, 0, 0, Poverty Alleviation, 0, Rural Issues/Development, 0, Technology, 0, 0, 0, Youth",Sichuan,"0, 0, 0, 0, 0, 0, 0, 0, 0, 0, 0, 0, 0, 0, 0, 0, 0, 0, 0, 0, 0, 0, 0, 0, 0, 0, Sichuan, 0, 0, 0, 0, 0, 0, 0"
Sichuan Department of Poverty Alleviation and Immigration,四川省扶贫和移民工作局,2,"0, 0, 0, 0, 0, 0, Disaster Relief, Economic Development, Education, 0, Environment, 0, Gender Issues, Health, 0, Infrastructure, 0, 0, 0, 0, 0, 0, Poverty Alleviation, 0, Rural Issues/Development, 0, 0, 0, 0, 0, 0",Sichuan,"0, 0, 0, 0, 0, 0, 0, 0, 0, 0, 0, 0, 0, 0, 0, 0, 0, 0, 0, 0, 0, 0, 0, 0, 0, 0, Sichuan, 0, 0, 0, 0, 0, 0, 0"
Sichuan Disabled Person’s Federation,四川省残疾人联合会,1,"0, 0, 0, 0, Civil Society Capacity-Building, Disabilities, Disaster Relief, 0, 0, 0, 0, 0, 0, Health, 0, 0, 0, 0, 0, 0, 0, 0, 0, 0, 0, 0, 0, 0, 0, 0, 0",Sichuan,"0, 0, 0, 0, 0, 0, 0, 0, 0, 0, 0, 0, 0, 0, 0, 0, 0, 0, 0, 0, 0, 0, 0, 0, 0, 0, Sichuan, 0, 0, 0, 0, 0, 0, 0"
Sichuan Forestry and Grassland Administration (formerly Sichuan Forestry Administration),四川省林业和草原局,1,"0, 0, Animal Protection, 0, 0, 0, 0, 0, 0, 0, 0, 0, 0, 0, 0, 0, 0, 0, 0, 0, 0, 0, 0, 0, 0, 0, 0, 0, 0, 0, 0",Sichuan,"0, 0, 0, 0, 0, 0, 0, 0, 0, 0, 0, 0, 0, 0, 0, 0, 0, 0, 0, 0, 0, 0, 0, 0, 0, 0, Sichuan, 0, 0, 0, 0, 0, 0, 0"
Sichuan Health Commission (formerly Sichuan Health and Family Planning Commission),四川省卫生健康委员会,5,"0, 0, 0, 0, 0, 0, 0, 0, Education, 0, Environment, Ethnic Affairs, 0, Health, 0, Infrastructure, 0, 0, 0, 0, 0, 0, Poverty Alleviation, 0, 0, 0, 0, 0, 0, 0, Youth","Sichuan, Tibet","All of China, 0, 0, 0, 0, 0, 0, 0, 0, 0, 0, 0, 0, 0, 0, 0, 0, 0, 0, 0, 0, 0, 0, 0, 0, 0, Sichuan, 0, Tibet, 0, 0, 0, 0, 0"
State Administration of Foreign Experts Affairs (under the Ministry of Science and Technology),国家外国专家局,1,"0, 0, 0, 0, 0, 0, 0, 0, 0, 0, 0, 0, 0, Health, 0, 0, International Relations/Exchange, 0, 0, 0, 0, 0, 0, 0, 0, 0, 0, 0, 0, 0, 0",Beijing,"All of China, 0, 0, 0, 0, 0, 0, 0, 0, 0, 0, 0, 0, 0, 0, 0, 0, 0, 0, 0, 0, 0, 0, 0, 0, 0, 0, 0, 0, 0, 0, 0, 0, 0"
State Council Hong Kong and Macau Affairs Office,国务院港澳事务办公室,1,"0, 0, 0, 0, Civil Society Capacity-Building, 0, 0, 0, Education, 0, 0, 0, 0, 0, 0, 0, 0, 0, 0, 0, 0, 0, 0, 0, 0, 0, 0, 0, 0, 0, Youth",Beijing,"All of China, 0, 0, 0, 0, 0, 0, 0, 0, 0, 0, 0, 0, 0, 0, 0, 0, 0, 0, 0, 0, 0, 0, 0, 0, 0, 0, 0, 0, 0, 0, 0, 0, 0"
State Council Leading Group Office of Poverty Alleviation and Development General Affairs Department,国务院扶贫开发领导小组办公室综合司,2,"0, Agriculture, 0, 0, Civil Society Capacity-Building, 0, Disaster Relief, Economic Development, 0, 0, Environment, 0, 0, 0, 0, 0, International Relations/Exchange, 0, 0, 0, 0, 0, Poverty Alleviation, 0, Rural Issues/Development, 0, 0, 0, 0, 0, 0",Beijing,"All of China, Anhui, Beijing, Chongqing, 0, Gansu, 0, 0, Guizhou, 0, Hebei, 0, 0, Hubei, 0, Inner Mongolia, 0, 0, 0, 0, 0, Qinghai, 0, 0, 0, 0, Sichuan, 0, 0, 0, 0, Yunnan, 0, 0"
State Council Overseas Chinese Affairs Office,国务院侨务办公室,4,"0, 0, 0, 0, 0, 0, Disaster Relief, 0, Education, 0, 0, 0, 0, Health, 0, Infrastructure, 0, 0, 0, 0, 0, 0, Poverty Alleviation, 0, 0, 0, 0, 0, 0, 0, Youth","Beijing, Guangxi, Jiangsu, Shanghai","All of China, 0, 0, 0, 0, 0, 0, 0, 0, 0, 0, 0, 0, 0, 0, 0, 0, 0, 0, 0, 0, 0, 0, 0, 0, 0, 0, 0, 0, 0, 0, 0, 0, 0"
"State Council Overseas Chinese Affairs Office, Domestic Department",国务院侨务办公室国内司,1,"0, 0, 0, 0, 0, 0, Disaster Relief, 0, Education, 0, 0, 0, 0, 0, 0, 0, 0, 0, 0, 0, 0, Migrants, Poverty Alleviation, 0, Rural Issues/Development, 0, 0, 0, 0, 0, Youth",Shaanxi,"0, 0, 0, 0, Fujian, Gansu, 0, Guangxi, Guizhou, 0, 0, 0, 0, 0, 0, 0, 0, 0, 0, 0, 0, Qinghai, Shaanxi, 0, 0, 0, Sichuan, 0, 0, 0, 0, 0, 0, 0"
State Ethnic Affairs Commission,国家民族事务委员会,1,"0, 0, 0, 0, 0, 0, 0, 0, 0, 0, 0, Ethnic Affairs, 0, 0, 0, 0, 0, 0, 0, 0, 0, 0, 0, 0, 0, 0, 0, 0, 0, 0, 0",Beijing,"All of China, 0, 0, 0, 0, 0, 0, 0, 0, 0, 0, 0, 0, 0, 0, 0, 0, 0, 0, 0, 0, 0, 0, 0, 0, 0, 0, 0, 0, 0, 0, 0, 0, 0"
State Post Bureau,国家邮政局,1,"0, 0, 0, 0, 0, 0, 0, 0, 0, 0, 0, 0, 0, 0, 0, 0, 0, 0, 0, 0, 0, 0, 0, 0, 0, 0, 0, 0, Trade, 0, 0",Beijing,"0, 0, Beijing, 0, 0, 0, 0, 0, 0, 0, 0, 0, 0, 0, 0, 0, 0, 0, 0, 0, 0, 0, 0, 0, 0, 0, 0, 0, 0, 0, 0, 0, 0, 0"
Tianjin Commission of Commerce,天津市商务委员会,6,"0, 0, 0, Arts and Culture, Civil Society Capacity-Building, 0, 0, Economic Development, 0, 0, 0, 0, 0, 0, 0, 0, International Relations/Exchange, 0, 0, 0, 0, 0, 0, 0, 0, 0, 0, Tourism, Trade, 0, 0",Tianjin,"All of China, 0, 0, 0, 0, 0, 0, 0, 0, 0, 0, 0, 0, 0, 0, 0, 0, 0, 0, 0, 0, 0, 0, 0, 0, 0, 0, Tianjin, 0, 0, 0, 0, 0, 0"
Tianjin Commission of Education,天津市教育委员会,1,"0, 0, 0, 0, 0, 0, 0, 0, 0, 0, 0, 0, 0, 0, 0, 0, International Relations/Exchange, 0, 0, 0, 0, 0, 0, 0, 0, 0, 0, 0, 0, 0, Youth",Tianjin,"0, 0, 0, 0, 0, 0, 0, 0, 0, 0, 0, 0, 0, 0, 0, 0, 0, 0, 0, 0, 0, 0, 0, 0, 0, 0, 0, Tianjin, 0, 0, 0, 0, 0, 0"
Tianjin Department of Civil Affairs,天津市民政局,3,"0, 0, 0, 0, 0, Disabilities, Disaster Relief, 0, Education, 0, 0, 0, 0, Health, 0, 0, 0, 0, 0, 0, 0, Migrants, Poverty Alleviation, 0, 0, 0, 0, 0, 0, 0, Youth",Tianjin,"0, Anhui, 0, 0, 0, 0, 0, 0, 0, 0, Hebei, 0, Henan, 0, Hunan, 0, Jiangsu, 0, 0, 0, 0, Qinghai, 0, Shandong, 0, 0, Sichuan, Tianjin, 0, 0, 0, 0, 0, 0"
Tianjin Federation of Trade Unions,天津市总工会,1,"0, 0, 0, 0, 0, 0, 0, 0, 0, 0, 0, 0, 0, 0, 0, 0, 0, Labor, 0, 0, 0, 0, 0, 0, 0, 0, 0, 0, 0, 0, 0",Tianjin,"0, 0, 0, 0, 0, 0, 0, 0, 0, 0, 0, 0, 0, 0, 0, 0, 0, 0, 0, 0, 0, 0, 0, 0, 0, 0, 0, Tianjin, 0, 0, 0, 0, 0, 0"
Yunnan Department of Civil Affairs,云南省民政厅,4,"0, 0, 0, 0, Civil Society Capacity-Building, Disabilities, Disaster Relief, 0, Education, 0, 0, 0, 0, 0, 0, Infrastructure, 0, 0, 0, 0, 0, 0, 0, 0, Rural Issues/Development, 0, 0, 0, 0, 0, Youth",Yunnan,"0, 0, 0, 0, 0, 0, 0, 0, 0, 0, 0, 0, 0, 0, 0, 0, 0, 0, 0, 0, 0, 0, 0, 0, 0, 0, 0, 0, 0, 0, 0, Yunnan, 0, 0"
Yunnan Department of Commerce,云南省商务厅,2,"0, 0, 0, 0, 0, 0, 0, 0, 0, 0, 0, 0, 0, Health, 0, 0, 0, 0, 0, 0, 0, 0, 0, 0, 0, 0, Technology, 0, Trade, 0, 0",Yunnan,"0, 0, 0, 0, 0, 0, 0, 0, 0, 0, 0, 0, 0, 0, 0, 0, 0, 0, 0, 0, 0, 0, 0, 0, 0, 0, 0, 0, 0, 0, 0, Yunnan, 0, 0"
Yunnan Department of Education,云南省教育厅,6,"Aging, 0, 0, Arts and Culture, Civil Society Capacity-Building, 0, 0, 0, Education, 0, 0, Ethnic Affairs, Gender Issues, Health, 0, Infrastructure, International Relations/Exchange, 0, 0, 0, 0, Migrants, Poverty Alleviation, 0, 0, 0, 0, 0, 0, 0, Youth",Yunnan,"0, 0, 0, 0, 0, 0, 0, 0, 0, 0, 0, 0, 0, 0, 0, 0, 0, 0, 0, 0, 0, 0, 0, 0, 0, 0, 0, 0, 0, 0, 0, Yunnan, 0, 0"
Yunnan Forestry and Grassland Administration (formerly Yunnan Forestry Administration),云南省林业和草原局,1,"0, 0, Animal Protection, 0, 0, 0, 0, 0, 0, 0, Environment, 0, 0, 0, 0, 0, 0, 0, 0, 0, 0, 0, 0, 0, 0, 0, 0, 0, 0, 0, 0",Yunnan,"0, 0, 0, 0, 0, 0, 0, 0, 0, 0, 0, 0, 0, 0, 0, 0, 0, 0, 0, 0, 0, 0, 0, 0, 0, 0, 0, 0, 0, 0, 0, Yunnan, 0, 0"
Yunnan Health Commission (formerly Yunnan Health and Family Planning Commission),云南省卫生健康委员会,10,"0, 0, 0, 0, Civil Society Capacity-Building, Disabilities, Disaster Relief, 0, Education, 0, 0, 0, 0, Health, 0, 0, 0, 0, 0, 0, 0, 0, Poverty Alleviation, 0, 0, 0, 0, 0, 0, 0, Youth",Yunnan,"All of China, 0, 0, 0, 0, 0, 0, 0, 0, 0, 0, 0, 0, 0, 0, 0, 0, 0, 0, 0, 0, 0, 0, 0, 0, 0, 0, 0, 0, 0, 0, Yunnan, 0, 0"
Yunnan Office of Overseas Chinese Affairs,云南省人民政府侨务办公室,1,"0, Agriculture, 0, 0, 0, Disabilities, 0, 0, Education, 0, Environment, 0, 0, Health, 0, Infrastructure, 0, 0, 0, 0, 0, 0, Poverty Alleviation, 0, Rural Issues/Development, 0, 0, 0, 0, 0, Youth",Yunnan,"0, 0, 0, 0, 0, 0, 0, 0, 0, 0, 0, 0, 0, 0, 0, 0, 0, 0, 0, 0, 0, 0, 0, 0, 0, 0, 0, 0, 0, 0, 0, Yunnan, 0, 0"
Yunnan Office of Poverty Alleviation and Development,云南省人民政府扶贫开发办公室,3,"0, 0, 0, 0, 0, 0, Disaster Relief, 0, Education, 0, Environment, 0, Gender Issues, Health, 0, Infrastructure, 0, Labor, 0, 0, 0, Migrants, Poverty Alleviation, 0, Rural Issues/Development, 0, 0, 0, 0, Urban Issues/Development, Youth",Yunnan,"0, 0, 0, 0, 0, 0, 0, 0, 0, 0, 0, 0, 0, 0, 0, 0, 0, 0, 0, 0, 0, 0, 0, 0, 0, 0, 0, 0, 0, 0, 0, Yunnan, 0, 0"
Yunnan People’s Association for Friendship with Foreign Countries,云南省人民对外友好协会,1,"0, Agriculture, 0, Arts and Culture, 0, 0, 0, Economic Development, Education, 0, Environment, 0, 0, 0, 0, 0, International Relations/Exchange, 0, 0, 0, 0, 0, 0, 0, 0, 0, 0, Tourism, Trade, 0, 0",Yunnan,"0, 0, 0, 0, 0, 0, 0, 0, 0, 0, 0, 0, 0, 0, 0, 0, 0, 0, 0, 0, 0, 0, 0, 0, 0, 0, 0, 0, 0, 0, 0, Yunnan, 0, 0"
Zhejiang Department of Civil Affairs,浙江省民政厅,1,"0, 0, 0, 0, Civil Society Capacity-Building, 0, Disaster Relief, 0, 0, 0, 0, 0, 0, 0, 0, 0, 0, 0, 0, 0, 0, 0, 0, 0, 0, 0, 0, 0, 0, 0, 0",Zhejiang,"0, Anhui, Beijing, Chongqing, Fujian, Gansu, Guangdong, Guangxi, Guizhou, Hainan, Hebei, Heilongjiang, Henan, Hubei, Hunan, Inner Mongolia, Jiangsu, Jiangxi, Jilin, Liaoning, Ningxia, Qinghai, Shaanxi, Shandong, Shanghai, Shanxi, Sichuan, Tianjin, Tibet, Xinjiang, 0, Yunnan, Zhejiang, 0"
Zhejiang Department of Commerce,浙江省商务厅,4,"0, 0, 0, Arts and Culture, 0, 0, 0, 0, 0, 0, 0, 0, 0, 0, 0, 0, 0, Labor, 0, 0, 0, 0, 0, 0, 0, 0, Technology, 0, Trade, 0, 0",Zhejiang,"All of China, 0, 0, 0, 0, 0, 0, 0, 0, 0, 0, 0, 0, 0, 0, 0, 0, 0, 0, 0, 0, 0, 0, 0, 0, 0, 0, 0, 0, 0, 0, 0, Zhejiang, 0"
Zhejiang Department of Education,浙江省教育厅,1,"0, 0, 0, 0, 0, 0, 0, 0, Education, 0, 0, 0, 0, 0, 0, 0, International Relations/Exchange, 0, 0, 0, 0, 0, 0, 0, 0, 0, 0, 0, 0, 0, 0",Zhejiang,"0, 0, 0, 0, 0, 0, 0, 0, 0, 0, 0, 0, 0, 0, 0, 0, 0, 0, 0, 0, 0, 0, 0, 0, 0, 0, 0, 0, 0, 0, 0, 0, Zhejiang, 0"
Zhejiang Department of Science and Technology,浙江省科技厅,1,"0, 0, 0, 0, 0, 0, 0, 0, Education, 0, 0, 0, 0, 0, 0, 0, International Relations/Exchange, 0, 0, 0, 0, 0, 0, 0, 0, 0, Technology, 0, 0, 0, 0",Zhejiang,"All of China, 0, 0, 0, 0, 0, 0, 0, 0, 0, 0, 0, 0, 0, 0, 0, 0, 0, 0, 0, 0, 0, 0, 0, 0, 0, 0, 0, 0, 0, 0, 0, 0, 0"
